feedexportid,Year,HS_ITEM,TYPE,COUNTRY,QUANTITY_KG,PORT_VALUE,Unit_Value,DESCRIPTION
1,2003,23099030,EXPORTS,ST. LUCIA,2950102,4639165,1.5725,POULTRY FEED, PREPARED
2,2003,23099030,EXPORTS,DOMINICA,1035885,3072279,2.9658,POULTRY FEED, PREPARED
3,2003,23099030,EXPORTS,BARBADOS,1247632,2150619,1.7238,POULTRY FEED, PREPARED
4,2003,23099030,EXPORTS,ANTIGUA AND BARBUDA,637084,959010,1.5053,POULTRY FEED, PREPARED
5,2003,23099030,EXPORTS,ST. VINCENT/GRENADINES,255008,379342,1.4876,POULTRY FEED, PREPARED
6,2003,23099030,EXPORTS,ARUBA,63115,94180,1.4922,POULTRY FEED, PREPARED
7,2003,23099030,EXPORTS,BRITISH VIRGIN ISLANDS,47640,86832,1.8227,POULTRY FEED, PREPARED
8,2003,23099030,EXPORTS,GUYANA,26795,55720,2.0795,POULTRY FEED, PREPARED
9,2003,23099030,EXPORTS,MONTSERRAT,29588,47674,1.6113,POULTRY FEED, PREPARED
10,2003,23099030,EXPORTS,GRENADA,3545,11263,3.1772,POULTRY FEED, PREPARED
11,2003,23099030,EXPORTS,ST. KITTS AND NEVIS,7088,10810,1.5251,POULTRY FEED, PREPARED
12,2004,23099030,EXPORTS,ST. LUCIA,3891636,6606702,1.6977,POULTRY FEED, PREPA
13,2004,23099030,EXPORTS,DOMINICA,816850,1462759,1.7907,POULTRY FEED, PREPA
14,2004,23099030,EXPORTS,BARBADOS,762206,1348778,1.7696,POULTRY FEED, PREPA
15,2004,23099030,EXPORTS,ANTIGUA AND BARBUDA,665201,1129072,1.6973,POULTRY FEED, PREPA
16,2004,23099030,EXPORTS,ARUBA,294774,484664,1.6442,POULTRY FEED, PREPA
17,2004,23099030,EXPORTS,ST. VINCENT/GRENADINES,130052,186868,1.4369,POULTRY FEED, PREPA
18,2004,23099030,EXPORTS,BRITISH VIRGIN ISLANDS,72023,137557,1.9099,POULTRY FEED, PREPA
19,2004,23099030,EXPORTS,ANGUILLA,29138,46151,1.5839,POULTRY FEED, PREPA
20,2004,23099030,EXPORTS,MONTSERRAT,18338,31489,1.7171,POULTRY FEED, PREPA
21,2004,23099030,EXPORTS,GRENADA,4968,9629,1.9382,POULTRY FEED, PREPA
22,2004,23099030,EXPORTS,ST. KITTS AND NEVIS,4680,7843,1.6759,POULTRY FEED, PREPA
23,2005,23099030,EXPORTS,ST. LUCIA,4059116,6994946,1.7233,POULTRY FEED, PREPARED
24,2005,23099030,EXPORTS,BARBADOS,766008,1333291,1.7406,POULTRY FEED, PREPARED
25,2005,23099030,EXPORTS,DOMINICA,725615,1267583,1.7469,POULTRY FEED, PREPARED
26,2005,23099030,EXPORTS,ANTIGUA AND BARBUDA,312603,532928,1.7048,POULTRY FEED, PREPARED
27,2005,23099030,EXPORTS,ARUBA,175051,280546,1.6027,POULTRY FEED, PREPARED
28,2005,23099030,EXPORTS,BRITISH VIRGIN ISLANDS,91039,175862,1.9317,POULTRY FEED, PREPARED
29,2005,23099030,EXPORTS,MONTSERRAT,26844,46105,1.7175,POULTRY FEED, PREPARED
30,2005,23099030,EXPORTS,GUYANA,11880,45454,3.8261,POULTRY FEED, PREPARED
31,2005,23099030,EXPORTS,NETHERLANDS ANTILLES,20048,34267,1.7092,POULTRY FEED, PREPARED
32,2005,23099030,EXPORTS,ANGUILLA,14625,23615,1.6147,POULTRY FEED, PREPARED
33,2005,23099030,EXPORTS,ST. VINCENT/GRENADINES,8514,20587,2.418,POULTRY FEED, PREPARED
34,2005,23099030,EXPORTS,ST. KITTS AND NEVIS,8775,14591,1.6628,POULTRY FEED, PREPARED
35,2005,23099030,EXPORTS,GRENADA,2015,9694,4.8109,POULTRY FEED, PREPARED
36,2005,23099030,EXPORTS,U. S. VIRGIN ISLANDS,2025,3878,1.9151,POULTRY FEED, PREPARED
37,2006,23099030,EXPORTS ,ST. LUCIA,2257823,4249930,1.8823,POULTRY FEED
38,2006,23099030,EXPORTS ,BARBADOS,664336,1253816,1.8873,POULTRY FEED
39,2006,23099030,EXPORTS ,DOMINICA,550023,1018227,1.8512,POULTRY FEED
40,2006,23099030,EXPORTS ,SURINAME,428114,952831,2.2256,POULTRY FEED
41,2006,23099030,EXPORTS ,ANTIGUA AND BARBUDA,340954,625908,1.8358,POULTRY FEED
42,2006,23099030,EXPORTS ,GUYANA,192570,403700,2.0964,POULTRY FEED
43,2006,23099030,EXPORTS ,ARUBA,90093,158748,1.762,POULTRY FEED
44,2006,23099030,EXPORTS ,BRITISH VIRGIN ISLANDS,90101,149012,1.6538,POULTRY FEED
45,2006,23099030,EXPORTS ,NETHERLAN,68959,121877,1.7674,POULTRY FEED
46,2006,23099030,EXPORTS ,MONTSERRAT,32700,63419,1.9394,POULTRY FEED
47,2006,23099030,EXPORTS ,ST. VINCENT/GRENADINES,26848,51879,1.9323,POULTRY FEED
48,2006,23099030,EXPORTS ,GRENADA,1310,11800,9.0076,POULTRY FEED
49,2006,23099030,EXPORTS ,ST. KITTS,2695,5184,1.9236,POULTRY FEED
50,2006,23099030,EXPORTS ,U. S. VIRGIN ISLANDS,110,261,2.3727,POULTRY FEED
51,2007,23099030,EXPORTS,ST. LUCIA,2733929,5853010,2.1409,POULTRY FEED, P
52,2007,23099030,EXPORTS,DOMINICA,933897,2005093,2.147,POULTRY FEED, P
53,2007,23099030,EXPORTS,SURINAME,611850,1494329,2.4423,POULTRY FEED, P
54,2007,23099030,EXPORTS,ANTIGUA AND BARBUDA,458820,969453,2.1129,POULTRY FEED, P
55,2007,23099030,EXPORTS,BARBADOS,238044,509975,2.1424,POULTRY FEED, P
56,2007,23099030,EXPORTS,BRITISH VIRGIN ISLANDS,93403,221410,2.3705,POULTRY FEED, P
57,2007,23099030,EXPORTS,GUYANA,40110,99087,2.4704,POULTRY FEED, P
58,2007,23099030,EXPORTS,ARUBA,40613,82265,2.0256,POULTRY FEED, P
59,2007,23099030,EXPORTS,NETHERLANDS,35766,72349,2.0228,POULTRY FEED, P
60,2007,23099030,EXPORTS,ST. VINCENT/GRENADINES,29405,69971,2.3796,POULTRY FEED, P
61,2007,23099030,EXPORTS,MONTSERRAT,28159,59560,2.1151,POULTRY FEED, P
62,2007,23099030,EXPORTS,GRENADA,7405,14595,1.971,POULTRY FEED, P
63,2008,23099030,EXPORTS,SURINAME,8314927,24772841,2.9793,POULTRY FEED, PREPARED  
64,2008,23099030,EXPORTS,GUYANA,6180715,19874854,3.2156,POULTRY FEED, PREPARED  
65,2008,23099030,EXPORTS,ST. LUCIA,4109384,10337791,2.5157,POULTRY FEED, PREPARED  
66,2008,23099030,EXPORTS,DOMINICA,1969741,5229464,2.6549,POULTRY FEED, PREPARED  
67,2008,23099030,EXPORTS,ANTIGUA AND BARBUDA,426739,1049937,2.4604,POULTRY FEED, PREPARED  
68,2008,23099030,EXPORTS,BARBADOS,181206,512146,2.8263,POULTRY FEED, PREPARED  
69,2008,23099030,EXPORTS,BRITISH VIRGIN ISLANDS,37533,109598,2.92,POULTRY FEED, PREPARED  
70,2008,23099030,EXPORTS,GRENADA,37101,97538,2.629,POULTRY FEED, PREPARED  
71,2008,23099030,EXPORTS,NETHERLANDS ANTILLES,29000,64623,2.2284,POULTRY FEED, PREPARED  
72,2008,23099030,EXPORTS,ARUBA,23501,60113,2.5579,POULTRY FEED, PREPARED  
73,2008,23099030,EXPORTS,MONTSERRAT,13500,33081,2.4504,POULTRY FEED, PREPARED  
74,2008,23099030,EXPORTS,BOUVET ISLAND,200,4800,24,POULTRY FEED, PREPARED  
75,2009,23099030,EXPORTS,GUYANA,2781818,8344930,2.9998,POULTRY FEED, PREPARED  
76,2009,23099030,EXPORTS,ST. LUCIA,1427964,4102786,2.8732,POULTRY FEED, PREPARED  
77,2009,23099030,EXPORTS,SURINAME,395676,1279276,3.2331,POULTRY FEED, PREPARED  
78,2009,23099030,EXPORTS,DOMINICA,89215,262366,2.9408,POULTRY FEED, PREPARED  
79,2009,23099030,EXPORTS,BRITISH VIRGIN ISLANDS,28736,106332,3.7003,POULTRY FEED, PREPARED  
80,2009,23099030,EXPORTS,ST. VINCENT/GRENADINES,24750,73275,2.9606,POULTRY FEED, PREPARED  
81,2009,23099030,EXPORTS,ARUBA,21263,63011,2.9634,POULTRY FEED, PREPARED  
82,2009,23099030,EXPORTS,ST. KITTS AND NEVIS,11250,40634,3.6119,POULTRY FEED, PREPARED  
83,2009,23099030,EXPORTS,BARBADOS,8440,24415,2.8928,POULTRY FEED, PREPARED  
84,2010,23099030,EXPORTS,GUYANA,2680595,7670491,2.8615,POULTRY FEED, PREPARED  
85,2010,23099030,EXPORTS,SURINAME,1037815,2995636,2.8865,POULTRY FEED, PREPARED  
86,2010,23099030,EXPORTS,ST. LUCIA,803387,2262634,2.8164,POULTRY FEED, PREPARED  
87,2010,23099030,EXPORTS,ST. KITTS AND NEVIS,71000,245945,3.464,POULTRY FEED, PREPARED  
88,2010,23099030,EXPORTS,DOMINICA,75940,224340,2.9542,POULTRY FEED, PREPARED  
89,2010,23099030,EXPORTS,BRITISH VIRGIN ISLANDS,51485,180000,3.4962,POULTRY FEED, PREPARED  
90,2010,23099030,EXPORTS,ARUBA,28125,79602,2.8303,POULTRY FEED, PREPARED  
91,2010,23099030,EXPORTS,BARBADOS,21229,60958,2.8714,POULTRY FEED, PREPARED  
92,2010,23099030,EXPORTS,ST. VINCENT/GRENADINES,7411,53819,7.262,POULTRY FEED, PREPARED  
93,2010,23099030,EXPORTS,ANTIGUA AND BARBUDA,11250,33102,2.9424,POULTRY FEED, PREPARED  
94,2010,23099030,EXPORTS,GRENADA,3,327,109,POULTRY FEED, PREPARED  
95,2011,23099030,EXPORTS,BARBADOS,1688,6595,,POULTRY FEED, PREPARED
96,2011,23099030,EXPORTS,BRITISH VIRGIN ISLANDS,17821,78459.19,,POULTRY FEED, PREPARED
97,2011,23099030,EXPORTS,DOMINICA,5400,17413,,POULTRY FEED, PREPARED
98,2011,23099030,EXPORTS,GUYANA,132,500.59,,POULTRY FEED, PREPARED
99,2011,23099030,EXPORTS,ST. VINCENT/GRENADINES,1,1195,,POULTRY FEED, PREPARED
100,2012,23099030,EXPORTS,GRENADA,87,224,,POULTRY FEED, PREPARED 
101,2012,23099030,EXPORTS,ST LUCIA,632,1623,,POULTRY FEED, PREPARED 
102,2012,23099030,EXPORTS,ST. VINCENT/GRENADINES,915,2350,,POULTRY FEED, PREPARED 
103,2012,23099030,EXPORTS,BARBADOS,501,1286,,POULTRY FEED, PREPARED 
104,2012,23099030,EXPORTS,ST. VINCENT/GRENADINES,374,960,,POULTRY FEED, PREPARED 
105,2012,23099030,EXPORTS,ST LUCIA,405,1041,,POULTRY FEED, PREPARED 
106,2012,23099030,EXPORTS,BARBADOS,4708,12088,,POULTRY FEED, PREPARED 
107,2012,23099030,EXPORTS,GRENADA,121,311,,POULTRY FEED, PREPARED 
108,2013,23099030,EXPORTS,GUYANA,46536,119487,,POULTRY FEED, PREPARED 
109,2013,23099030,EXPORTS,ST. VINCENT/GRENADINES,381,978,,POULTRY FEED, PREPARED 
110,2003,23099040,EXPORTS,BARBADOS,222994,245192,1.0995,CATTLE FEED, PREPARED
111,2003,23099040,EXPORTS,ARUBA,97448,84134,0.8634,CATTLE FEED, PREPARED
112,2003,23099040,EXPORTS,DOMINICA,10331,57456,5.5615,CATTLE FEED, PREPARED
113,2003,23099040,EXPORTS,BRITISH VIRGIN ISLANDS,56878,55829,0.9816,CATTLE FEED, PREPARED
114,2003,23099040,EXPORTS,MONTSERRAT,53775,45985,0.8551,CATTLE FEED, PREPARED
115,2003,23099040,EXPORTS,ANTIGUA AND BARBUDA,17476,17185,0.9833,CATTLE FEED, PREPARED
116,2003,23099040,EXPORTS,ST. LUCIA,6107,7200,1.179,CATTLE FEED, PREPARED
117,2003,23099040,EXPORTS,GUADELOUPE,7875,6743,0.8563,CATTLE FEED, PREPARED
118,2003,23099040,EXPORTS,GUYANA,1125,1307,1.1618,CATTLE FEED, PREPARED
119,2003,23099040,EXPORTS,ST. KITTS AND NEVIS,563,483,0.8579,CATTLE FEED, PREPARED
120,2004,23099040,EXPORTS,ARUBA,160313,137709,0.859,CATTLE FEED, PREPAR
121,2004,23099040,EXPORTS,ANTIGUA AND BARBUDA,65479,57217,0.8738,CATTLE FEED, PREPAR
122,2004,23099040,EXPORTS,BRITISH VIRGIN ISLANDS,14938,20793,1.392,CATTLE FEED, PREPAR
123,2004,23099040,EXPORTS,MONTSERRAT,23175,20480,0.8837,CATTLE FEED, PREPAR
124,2004,23099040,EXPORTS,ST. LUCIA,8496,8863,1.0432,CATTLE FEED, PREPAR
125,2004,23099040,EXPORTS,GUADELOUPE,4500,3857,0.8571,CATTLE FEED, PREPAR
126,2004,23099040,EXPORTS,DOMINICA,3121,3333,1.0679,CATTLE FEED, PREPAR
127,2004,23099040,EXPORTS,ANGUILLA,338,289,0.855,CATTLE FEED, PREPAR
128,2005,23099040,EXPORTS,BARBADOS,300660,284532,0.9464,CATTLE FEED, PREPARED
129,2005,23099040,EXPORTS,ARUBA,243924,246917,1.0123,CATTLE FEED, PREPARED
130,2005,23099040,EXPORTS,ANTIGUA AND BARBUDA,98676,99804,1.0114,CATTLE FEED, PREPARED
131,2005,23099040,EXPORTS,BRITISH VIRGIN ISLANDS,60975,57349,0.9405,CATTLE FEED, PREPARED
132,2005,23099040,EXPORTS,NETHERLANDS ANTILLES,37622,34954,0.9291,CATTLE FEED, PREPARED
133,2005,23099040,EXPORTS,MONTSERRAT,30150,28085,0.9315,CATTLE FEED, PREPARED
134,2005,23099040,EXPORTS,ST. LUCIA,9399,14307,1.5222,CATTLE FEED, PREPARED
135,2005,23099040,EXPORTS,ST. KITTS AND NEVIS,675,616,0.9126,CATTLE FEED, PREPARED
136,2006,23099040,EXPORTS ,NETHERLAN,288574,287443,0.9961,CATTLE FEED,
137,2006,23099040,EXPORTS ,SURINAME,223067,273867,1.2277,CATTLE FEED,
138,2006,23099040,EXPORTS ,ARUBA,257925,254217,0.9856,CATTLE FEED,
139,2006,23099040,EXPORTS ,ANTIGUA AND BARBUDA,138852,140791,1.014,CATTLE FEED,
140,2006,23099040,EXPORTS ,BARBADOS,132352,136000,1.0276,CATTLE FEED,
141,2006,23099040,EXPORTS ,BRITISH VIRGIN ISLANDS,42645,42068,0.9865,CATTLE FEED,
142,2006,23099040,EXPORTS ,DOMINICA,12378,12929,1.0445,CATTLE FEED,
143,2006,23099040,EXPORTS ,ST. LUCIA,6750,6560,0.9719,CATTLE FEED,
144,2006,23099040,EXPORTS ,MONTSERRAT,5555,5592,1.0067,CATTLE FEED,
145,2006,23099040,EXPORTS ,GUYANA,4400,4343,0.987,CATTLE FEED,
146,2006,23099040,EXPORTS ,U. S. VIRGIN ISLANDS,110,144,1.3091,CATTLE FEED,
147,2007,23099040,EXPORTS,SURINAME,164396,264200,1.6071,CATTLE FEED, PR
148,2007,23099040,EXPORTS,NETHERLANDS,171620,231103,1.3466,CATTLE FEED, PR
149,2007,23099040,EXPORTS,ANTIGUA AND BARBUDA,140401,200635,1.429,CATTLE FEED, PR
150,2007,23099040,EXPORTS,ARUBA,104138,141740,1.3611,CATTLE FEED, PR
151,2007,23099040,EXPORTS,BRITISH VIRGIN ISLANDS,76028,108216,1.4234,CATTLE FEED, PR
152,2007,23099040,EXPORTS,BARBADOS,75887,103809,1.3679,CATTLE FEED, PR
153,2007,23099040,EXPORTS,ST. LUCIA,30214,45281,1.4987,CATTLE FEED, PR
154,2007,23099040,EXPORTS,DOMINICA,12114,16961,1.4001,CATTLE FEED, PR
155,2007,23099040,EXPORTS,MONTSERRAT,5600,7612,1.3593,CATTLE FEED, PR
156,2007,23099040,EXPORTS,GUYANA,4450,6297,1.4151,CATTLE FEED, PR
157,2008,23099040,EXPORTS,SURINAME,810264,1456219,1.7972,CATTLE FEED, PREPARED  
158,2008,23099040,EXPORTS,BARBADOS,355510,683243,1.9219,CATTLE FEED, PREPARED  
159,2008,23099040,EXPORTS,NETHERLANDS ANTILLES,250835,395456,1.5766,CATTLE FEED, PREPARED  
160,2008,23099040,EXPORTS,GUYANA,129940,135519,1.0429,CATTLE FEED, PREPARED  
161,2008,23099040,EXPORTS,ANTIGUA AND BARBUDA,46547,78127,1.6785,CATTLE FEED, PREPARED  
162,2008,23099040,EXPORTS,ST. LUCIA,36677,66465,1.8122,CATTLE FEED, PREPARED  
163,2008,23099040,EXPORTS,DOMINICA,9648,17065,1.7688,CATTLE FEED, PREPARED  
164,2008,23099040,EXPORTS,BRITISH VIRGIN ISLANDS,6750,12427,1.841,CATTLE FEED, PREPARED  
165,2008,23099040,EXPORTS,ARUBA,2814,4725,1.6791,CATTLE FEED, PREPARED  
166,2008,23099040,EXPORTS,MONTSERRAT,1575,2110,1.3397,CATTLE FEED, PREPARED  
167,2008,23099040,EXPORTS,GRENADA,44,139,3.1591,CATTLE FEED, PREPARED  
168,2009,23099040,EXPORTS,SURINAME,149076,288526,1.9354,CATTLE FEED, PREPARED  
169,2009,23099040,EXPORTS,BARBADOS,68868,135659,1.9698,CATTLE FEED, PREPARED  
170,2009,23099040,EXPORTS,ARUBA,27000,51045,1.8906,CATTLE FEED, PREPARED  
171,2009,23099040,EXPORTS,DOMINICA,4278,7540,1.7625,CATTLE FEED, PREPARED  
172,2010,23099040,EXPORTS,BARBADOS,63872,120790,1.8911,CATTLE FEED, PREPARED  
173,2010,23099040,EXPORTS,SURINAME,34650,64177,1.8522,CATTLE FEED, PREPARED  
174,2010,23099040,EXPORTS,GUYANA,6750,11133,1.6493,CATTLE FEED, PREPARED  
175,2010,23099040,EXPORTS,BRITISH VIRGIN ISLANDS,225,401,1.7822,CATTLE FEED, PREPARED  
176,2011,23099040,EXPORTS,BARBADOS,226032,412972.44,,CATTLE FEED, PREPARED
177,2011,23099040,EXPORTS,GUYANA,11025,28285.39,,CATTLE FEED, PREPARED
178,2011,23099040,EXPORTS,SURINAME,11250,27269,,CATTLE FEED, PREPARED
179,2012,23099040,EXPORTS,BARBADOS,16353,26845,,CATTLE FEED, PREPARED 
180,2012,23099040,EXPORTS,GUYANA,2729,4480,,CATTLE FEED, PREPARED 
181,2012,23099040,EXPORTS,BARBADOS,74550,122379,,CATTLE FEED, PREPARED 
182,2012,23099040,EXPORTS,BARBADOS,69285,113736,,CATTLE FEED, PREPARED 
183,2012,23099040,EXPORTS,GUYANA,3816,6264,,CATTLE FEED, PREPARED 
184,2012,23099040,EXPORTS,BARBADOS,1125,2605,,CATTLE FEED, PREPARED 
185,2012,23099040,EXPORTS,GUYANA,3783,8719,,CATTLE FEED, PREPARED 
186,2012,23099040,EXPORTS,GUYANA,3825,9543,,CATTLE FEED, PREPARED 
187,2013,23099040,EXPORTS,GUYANA,20198,33155,,CATTLE FEED, PREPARED 
188,2003,23099050,EXPORTS,DOMINICA,401458,1431963,3.5669,PIG FEED, PREPARED
189,2003,23099050,EXPORTS,BARBADOS,293170,457500,1.5605,PIG FEED, PREPARED
190,2003,23099050,EXPORTS,ST. LUCIA,162682,268484,1.6504,PIG FEED, PREPARED
191,2003,23099050,EXPORTS,ANTIGUA AND BARBUDA,98872,143007,1.4464,PIG FEED, PREPARED
192,2003,23099050,EXPORTS,SURINAME,84210,126262,1.4994,PIG FEED, PREPARED
193,2003,23099050,EXPORTS,ST. VINCENT/GRENADINES,42184,49270,1.168,PIG FEED, PREPARED
194,2003,23099050,EXPORTS,ST. KITTS AND NEVIS,34201,44409,1.2985,PIG FEED, PREPARED
195,2003,23099050,EXPORTS,MONTSERRAT,14513,18122,1.2487,PIG FEED, PREPARED
196,2003,23099050,EXPORTS,BRITISH VIRGIN ISLANDS,5615,9968,1.7752,PIG FEED, PREPARED
197,2003,23099050,EXPORTS,GRENADA,3475,5102,1.4682,PIG FEED, PREPARED
198,2003,23099050,EXPORTS,GUYANA,2250,2552,1.1342,PIG FEED, PREPARED
199,2004,23099050,EXPORTS,BARBADOS,423944,633334,1.4939,PIG FEED, PREPARED
200,2004,23099050,EXPORTS,DOMINICA,359222,523971,1.4586,PIG FEED, PREPARED
201,2004,23099050,EXPORTS,ANTIGUA AND BARBUDA,372218,480938,1.2921,PIG FEED, PREPARED
202,2004,23099050,EXPORTS,ST. LUCIA,178199,324691,1.8221,PIG FEED, PREPARED
203,2004,23099050,EXPORTS,SURINAME,52020,82508,1.5861,PIG FEED, PREPARED
204,2004,23099050,EXPORTS,GUYANA,25721,41254,1.6039,PIG FEED, PREPARED
205,2004,23099050,EXPORTS,MONTSERRAT,23400,28240,1.2068,PIG FEED, PREPARED
206,2004,23099050,EXPORTS,ST. KITTS AND NEVIS,12600,16474,1.3075,PIG FEED, PREPARED
207,2004,23099050,EXPORTS,ST. VINCENT/GRENADINES,12337,15102,1.2241,PIG FEED, PREPARED
208,2004,23099050,EXPORTS,GRENADA,10263,14335,1.3968,PIG FEED, PREPARED
209,2004,23099050,EXPORTS,BRITISH VIRGIN ISLANDS,8551,12475,1.4589,PIG FEED, PREPARED
210,2004,23099050,EXPORTS,ANGUILLA,6525,8829,1.3531,PIG FEED, PREPARED
211,2005,23099050,EXPORTS,BARBADOS,421166,648826,1.5405,PIG FEED, PREPARED 
212,2005,23099050,EXPORTS,ANTIGUA AND BARBUDA,473855,643944,1.3589,PIG FEED, PREPARED 
213,2005,23099050,EXPORTS,DOMINICA,336898,481914,1.4304,PIG FEED, PREPARED 
214,2005,23099050,EXPORTS,ST. LUCIA,202921,342173,1.6862,PIG FEED, PREPARED 
215,2005,23099050,EXPORTS,ST. KITTS AND NEVIS,16088,23347,1.4512,PIG FEED, PREPARED 
216,2005,23099050,EXPORTS,MONTSERRAT,16763,22170,1.3226,PIG FEED, PREPARED 
217,2005,23099050,EXPORTS,BRITISH VIRGIN ISLANDS,7775,14204,1.8269,PIG FEED, PREPARED 
218,2005,23099050,EXPORTS,GRENADA,6750,9855,1.46,PIG FEED, PREPARED 
219,2005,23099050,EXPORTS,ANGUILLA,4500,6521,1.4491,PIG FEED, PREPARED 
220,2005,23099050,EXPORTS,ARUBA,2813,4084,1.4518,PIG FEED, PREPARED 
221,2005,23099050,EXPORTS,ST. VINCENT/GRENADINES,900,1600,1.7778,PIG FEED, PREPARED 
222,2006,23099050,EXPORTS ,ANTIGUA AND BARBUDA,554359,831545,1.5,PIG FEED, PR
223,2006,23099050,EXPORTS ,DOMINICA,365949,563237,1.5391,PIG FEED, PR
224,2006,23099050,EXPORTS ,BARBADOS,159132,276915,1.7402,PIG FEED, PR
225,2006,23099050,EXPORTS ,ST. LUCIA,83307,130115,1.5619,PIG FEED, PR
226,2006,23099050,EXPORTS ,BRITISH VIRGIN ISLANDS,62895,104830,1.6667,PIG FEED, PR
227,2006,23099050,EXPORTS ,NETHERLAN,40910,67043,1.6388,PIG FEED, PR
228,2006,23099050,EXPORTS ,GRENADA,29100,49550,1.7027,PIG FEED, PR
229,2006,23099050,EXPORTS ,ST. KITTS,9103,14490,1.5918,PIG FEED, PR
230,2006,23099050,EXPORTS ,MONTSERRAT,6275,9062,1.4441,PIG FEED, PR
231,2006,23099050,EXPORTS ,ST. VINCENT/GRENADINES,1540,2500,1.6234,PIG FEED, PR
232,2006,23099050,EXPORTS ,SURINAME,1113,1830,1.6442,PIG FEED, PR
233,2007,23099050,EXPORTS,ANTIGUA AND BARBUDA,656423,1204394,1.8348,PIG FEED, PREPA
234,2007,23099050,EXPORTS,DOMINICA,625147,1118685,1.7895,PIG FEED, PREPA
235,2007,23099050,EXPORTS,ST. LUCIA,192586,361704,1.8781,PIG FEED, PREPA
236,2007,23099050,EXPORTS,BARBADOS,248487,329055,1.3242,PIG FEED, PREPA
237,2007,23099050,EXPORTS,BRITISH VIRGIN ISLANDS,115975,223584,1.9279,PIG FEED, PREPA
238,2007,23099050,EXPORTS,GRENADA,24395,46541,1.9078,PIG FEED, PREPA
239,2007,23099050,EXPORTS,MONTSERRAT,10080,16722,1.6589,PIG FEED, PREPA
240,2007,23099050,EXPORTS,NETHERLANDS,2200,4230,1.9227,PIG FEED, PREPA
241,2007,23099050,EXPORTS,ST. VINCENT/GRENADINES,968,2155,2.2262,PIG FEED, PREPA
242,2007,23099050,EXPORTS,SURINAME,440,1908,4.3364,PIG FEED, PREPA
243,2007,23099050,EXPORTS,ST. KITTS AND NEVIS,563,1006,1.7869,PIG FEED, PREPA
244,2008,23099050,EXPORTS,DOMINICA,890025,2007562,2.2556,PIG FEED, PREPARED  
245,2008,23099050,EXPORTS,ST. LUCIA,400602,919604,2.2956,PIG FEED, PREPARED  
246,2008,23099050,EXPORTS,ANTIGUA AND BARBUDA,386049,817985,2.1189,PIG FEED, PREPARED  
247,2008,23099050,EXPORTS,BARBADOS,154185,337353,2.188,PIG FEED, PREPARED  
248,2008,23099050,EXPORTS,GRENADA,10678,40272,3.7715,PIG FEED, PREPARED  
249,2008,23099050,EXPORTS,ARUBA,11490,27979,2.4351,PIG FEED, PREPARED  
250,2008,23099050,EXPORTS,NETHERLANDS ANTILLES,10476,26212,2.5021,PIG FEED, PREPARED  
251,2008,23099050,EXPORTS,BRITISH VIRGIN ISLANDS,3335,8140,2.4408,PIG FEED, PREPARED  
252,2008,23099050,EXPORTS,MONTSERRAT,3825,7337,1.9182,PIG FEED, PREPARED  
253,2008,23099050,EXPORTS,ST. KITTS AND NEVIS,225,360,1.6,PIG FEED, PREPARED  
254,2008,23099050,EXPORTS,GUYANA,225,268,1.1911,PIG FEED, PREPARED  
255,2009,23099050,EXPORTS,DOMINICA,84536,235656,2.7876,PIG FEED, PREPARED  
256,2009,23099050,EXPORTS,ST. LUCIA,71101,192153,2.7025,PIG FEED, PREPARED  
257,2009,23099050,EXPORTS,BARBADOS,24076,73060,3.0346,PIG FEED, PREPARED  
258,2009,23099050,EXPORTS,BRITISH VIRGIN ISLANDS,10790,32077,2.9728,PIG FEED, PREPARED  
259,2009,23099050,EXPORTS,ARUBA,8800,27352,3.1082,PIG FEED, PREPARED  
260,2009,23099050,EXPORTS,SURINAME,2250,16251,7.2227,PIG FEED, PREPARED  
261,2009,23099050,EXPORTS,GRENADA,2250,6149,2.7329,PIG FEED, PREPARED  
262,2010,23099050,EXPORTS,DOMINICA,73434,195508,2.6624,PIG FEED, PREPARED  
263,2010,23099050,EXPORTS,ST. LUCIA,54378,149444,2.7482,PIG FEED, PREPARED  
264,2010,23099050,EXPORTS,BARBADOS,30373,104346,3.4355,PIG FEED, PREPARED  
265,2010,23099050,EXPORTS,BRITISH VIRGIN ISLANDS,10350,30030,2.9014,PIG FEED, PREPARED  
266,2010,23099050,EXPORTS,ANTIGUA AND BARBUDA,7875,20621,2.6185,PIG FEED, PREPARED  
267,2010,23099050,EXPORTS,GRENADA,2025,6184,3.0538,PIG FEED, PREPARED  
268,2011,23099050,EXPORTS,BARBADOS,8551,30966,,PIG FEED, PREPARED
269,2011,23099050,EXPORTS,DOMINICA,6413,17162,,PIG FEED, PREPARED
270,2011,23099050,EXPORTS,GRENADA,1250,2707.46,,PIG FEED, PREPARED
271,2011,23099050,EXPORTS,ST. LUCIA,3375,9228,,PIG FEED, PREPARED
272,2012,23099050,EXPORTS,BARBADOS,24874,53835,,PIG FEED, PREPARED 
273,2013,23099050,EXPORTS,GRENADA,1791,3876,,PIG FEED, PREPARED 
274,2003,23099060,EXPORTS,DOMINICA,96740,414464,4.2843,OTHER ANIMAL FEED
275,2003,23099060,EXPORTS,BARBADOS,324726,350375,1.079,OTHER ANIMAL FEED
276,2003,23099060,EXPORTS,ST. LUCIA,86779,132430,1.5261,OTHER ANIMAL FEED
277,2003,23099060,EXPORTS,ARUBA,84375,67198,0.7964,OTHER ANIMAL FEED
278,2003,23099060,EXPORTS,MONTSERRAT,46350,47871,1.0328,OTHER ANIMAL FEED
279,2003,23099060,EXPORTS,ANTIGUA AND BARBUDA,25215,19377,0.7685,OTHER ANIMAL FEED
280,2003,23099060,EXPORTS,GUYANA,10838,11774,1.0864,OTHER ANIMAL FEED
281,2003,23099060,EXPORTS,BRITISH VIRGIN ISLANDS,8950,9509,1.0625,OTHER ANIMAL FEED
282,2003,23099060,EXPORTS,ST. KITTS AND NEVIS,6300,4035,0.6405,OTHER ANIMAL FEED
283,2004,23099060,EXPORTS,BARBADOS,275242,271367,0.9859,OTHER ANIMAL FEED
284,2004,23099060,EXPORTS,ST. LUCIA,100138,185122,1.8487,OTHER ANIMAL FEED
285,2004,23099060,EXPORTS,ARUBA,110250,106866,0.9693,OTHER ANIMAL FEED
286,2004,23099060,EXPORTS,DOMINICA,97376,94972,0.9753,OTHER ANIMAL FEED
287,2004,23099060,EXPORTS,ANTIGUA AND BARBUDA,48827,46084,0.9438,OTHER ANIMAL FEED
288,2004,23099060,EXPORTS,BRITISH VIRGIN ISLANDS,16600,19755,1.1901,OTHER ANIMAL FEED
289,2004,23099060,EXPORTS,GRENADA,4740,12635,2.6656,OTHER ANIMAL FEED
290,2004,23099060,EXPORTS,GUYANA,2700,3043,1.127,OTHER ANIMAL FEED
291,2004,23099060,EXPORTS,SURINAME,2238,2464,1.101,OTHER ANIMAL FEED
292,2004,23099060,EXPORTS,ST. KITTS AND NEVIS,1575,1731,1.099,OTHER ANIMAL FEED
293,2005,23099060,EXPORTS,BARBADOS,257668,272286,1.0567,OTHER ANIMAL FEED COMPLETE, PREPARED
294,2005,23099060,EXPORTS,ARUBA,224775,237248,1.0555,OTHER ANIMAL FEED COMPLETE, PREPARED
295,2005,23099060,EXPORTS,ST. LUCIA,68680,113559,1.6535,OTHER ANIMAL FEED COMPLETE, PREPARED
296,2005,23099060,EXPORTS,DOMINICA,93508,99368,1.0627,OTHER ANIMAL FEED COMPLETE, PREPARED
297,2005,23099060,EXPORTS,ANTIGUA AND BARBUDA,78515,85297,1.0864,OTHER ANIMAL FEED COMPLETE, PREPARED
298,2005,23099060,EXPORTS,NETHERLANDS ANTILLES,54002,59315,1.0984,OTHER ANIMAL FEED COMPLETE, PREPARED
299,2005,23099060,EXPORTS,ST. KITTS AND NEVIS,16088,17697,1.1,OTHER ANIMAL FEED COMPLETE, PREPARED
300,2005,23099060,EXPORTS,BRITISH VIRGIN ISLANDS,11238,15710,1.3979,OTHER ANIMAL FEED COMPLETE, PREPARED
301,2005,23099060,EXPORTS,GRENADA,940,13028,13.8596,OTHER ANIMAL FEED COMPLETE, PREPARED
302,2005,23099060,EXPORTS,GUYANA,945,2484,2.6286,OTHER ANIMAL FEED COMPLETE, PREPARED
303,2005,23099060,EXPORTS,ST. VINCENT/GRENADINES,80,814,10.175,OTHER ANIMAL FEED COMPLETE, PREPARED
304,2005,23099060,EXPORTS,U. S. VIRGIN ISLANDS,450,522,1.16,OTHER ANIMAL FEED COMPLETE, PREPARED
305,2006,23099060,EXPORTS ,ARUBA,242370,270228,1.1149,OTHER ANIMAL
306,2006,23099060,EXPORTS ,BARBADOS,127226,147215,1.1571,OTHER ANIMAL
307,2006,23099060,EXPORTS ,DOMINICA,86730,98008,1.13,OTHER ANIMAL
308,2006,23099060,EXPORTS ,NETHERLAN,70171,85255,1.215,OTHER ANIMAL
309,2006,23099060,EXPORTS ,ANTIGUA AND BARBUDA,49280,59117,1.1996,OTHER ANIMAL
310,2006,23099060,EXPORTS ,SURINAME,29804,43102,1.4462,OTHER ANIMAL
311,2006,23099060,EXPORTS ,ST. LUCIA,22672,25575,1.128,OTHER ANIMAL
312,2006,23099060,EXPORTS ,ST. KITTS,9440,10953,1.1603,OTHER ANIMAL
313,2006,23099060,EXPORTS ,BRITISH VIRGIN ISLANDS,3490,9941,2.8484,OTHER ANIMAL
314,2006,23099060,EXPORTS ,GRENADA,45,3391,75.3556,OTHER ANIMAL
315,2006,23099060,EXPORTS ,SAO TOME,2670,3293,1.2333,OTHER ANIMAL
316,2006,23099060,EXPORTS ,U. S. VIRGIN ISLANDS,1575,1969,1.2502,OTHER ANIMAL
317,2006,23099060,EXPORTS ,ST. VINCENT/GRENADINES,660,761,1.153,OTHER ANIMAL
318,2006,23099060,EXPORTS ,GUYANA,100,360,3.6,OTHER ANIMAL
319,2007,23099060,EXPORTS,ARUBA,301000,423047,1.4055,OTHER ANIMAL FE
320,2007,23099060,EXPORTS,BARBADOS,189484,280101,1.4782,OTHER ANIMAL FE
321,2007,23099060,EXPORTS,DOMINICA,107360,160038,1.4907,OTHER ANIMAL FE
322,2007,23099060,EXPORTS,ANTIGUA AND BARBUDA,74586,120815,1.6198,OTHER ANIMAL FE
323,2007,23099060,EXPORTS,ST. LUCIA,51575,76620,1.4856,OTHER ANIMAL FE
324,2007,23099060,EXPORTS,SURINAME,19565,31530,1.6116,OTHER ANIMAL FE
325,2007,23099060,EXPORTS,GRENADA,8727,15058,1.7254,OTHER ANIMAL FE
326,2007,23099060,EXPORTS,NETHERLANDS,10245,14213,1.3873,OTHER ANIMAL FE
327,2007,23099060,EXPORTS,BRITISH VIRGIN ISLANDS,1010,1624,1.6079,OTHER ANIMAL FE
328,2007,23099060,EXPORTS,ST. VINCENT/GRENADINES,176,295,1.6761,OTHER ANIMAL FE
329,2008,23099060,EXPORTS,BARBADOS,297373,539423,1.814,OTHER ANIMAL FEED COMPLETE, PREPARED
330,2008,23099060,EXPORTS,ARUBA,291591,458540,1.5725,OTHER ANIMAL FEED COMPLETE, PREPARED
331,2008,23099060,EXPORTS,DOMINICA,167062,260124,1.5571,OTHER ANIMAL FEED COMPLETE, PREPARED
332,2008,23099060,EXPORTS,ANTIGUA AND BARBUDA,100720,169111,1.679,OTHER ANIMAL FEED COMPLETE, PREPARED
333,2008,23099060,EXPORTS,ST. LUCIA,61040,93527,1.5322,OTHER ANIMAL FEED COMPLETE, PREPARED
334,2008,23099060,EXPORTS,GRENADA,34473,57617,1.6714,OTHER ANIMAL FEED COMPLETE, PREPARED
335,2008,23099060,EXPORTS,NETHERLANDS ANTILLES,20251,34473,1.7023,OTHER ANIMAL FEED COMPLETE, PREPARED
336,2008,23099060,EXPORTS,U. S. VIRGIN ISLANDS,16800,24951,1.4852,OTHER ANIMAL FEED COMPLETE, PREPARED
337,2008,23099060,EXPORTS,BRITISH VIRGIN ISLANDS,5145,12261,2.3831,OTHER ANIMAL FEED COMPLETE, PREPARED
338,2008,23099060,EXPORTS,GUYANA,7270,8838,1.2157,OTHER ANIMAL FEED COMPLETE, PREPARED
339,2008,23099060,EXPORTS,BURUNDI,200,5000,25,OTHER ANIMAL FEED COMPLETE, PREPARED
340,2008,23099060,EXPORTS,SURINAME,1890,3151,1.6672,OTHER ANIMAL FEED COMPLETE, PREPARED
341,2008,23099060,EXPORTS,MONTSERRAT,900,1262,1.4022,OTHER ANIMAL FEED COMPLETE, PREPARED
342,2009,23099060,EXPORTS,BARBADOS,253011,559599,2.2118,OTHER ANIMAL FEED COMPLETE, PREPARED
343,2009,23099060,EXPORTS,ARUBA,177321,345235,1.9469,OTHER ANIMAL FEED COMPLETE, PREPARED
344,2009,23099060,EXPORTS,DOMINICA,55301,113862,2.059,OTHER ANIMAL FEED COMPLETE, PREPARED
345,2009,23099060,EXPORTS,ST. LUCIA,22500,45657,2.0292,OTHER ANIMAL FEED COMPLETE, PREPARED
346,2009,23099060,EXPORTS,SURINAME,6526,11423,1.7504,OTHER ANIMAL FEED COMPLETE, PREPARED
347,2009,23099060,EXPORTS,BRITISH VIRGIN ISLANDS,1345,2840,2.1115,OTHER ANIMAL FEED COMPLETE, PREPARED
348,2010,23099060,EXPORTS,BARBADOS,139255,296432,2.1287,OTHER ANIMAL FEED COMPLETE, PREPARED
349,2010,23099060,EXPORTS,ARUBA,58500,120508,2.06,OTHER ANIMAL FEED COMPLETE, PREPARED
350,2010,23099060,EXPORTS,ST. LUCIA,33138,68379,2.0635,OTHER ANIMAL FEED COMPLETE, PREPARED
351,2010,23099060,EXPORTS,DOMINICA,27192,56790,2.0885,OTHER ANIMAL FEED COMPLETE, PREPARED
352,2010,23099060,EXPORTS,SURINAME,3713,6974,1.8783,OTHER ANIMAL FEED COMPLETE, PREPARED
353,2010,23099060,EXPORTS,GUYANA,2000,3042,1.521,OTHER ANIMAL FEED COMPLETE, PREPARED
354,2010,23099060,EXPORTS,ST. KITTS AND NEVIS,48,2141,44.6042,OTHER ANIMAL FEED COMPLETE, PREPARED
355,2011,23099060,EXPORTS,BARBADOS,93313,220870.83,,OTHER ANIMAL FEED
356,2011,23099060,EXPORTS,DOMINICA,1575,3286,,OTHER ANIMAL FEED
357,2011,23099060,EXPORTS,SURINAME,1575,4539,,OTHER ANIMAL FEED
358,2012,23099060,EXPORTS,BARBADOS,563,1382,,OTHER ANIMAL FEED COMPLETE, PREPARED
359,2012,23099060,EXPORTS,GUYANA,810,2000,,OTHER ANIMAL FEED COMPLETE, PREPARED
360,2012,23099060,EXPORTS,SURINAME,60000,66556,,OTHER ANIMAL FEED COMPLETE, PREPARED
361,2012,23099060,EXPORTS,SURINAME,30000,33302,,OTHER ANIMAL FEED COMPLETE, PREPARED
362,2012,23099060,EXPORTS,ST. VINCENT/GRENADINES,742,1203,,OTHER ANIMAL FEED COMPLETE, PREPARED
363,2012,23099060,EXPORTS,BARBADOS,4925,11733,,OTHER ANIMAL FEED COMPLETE, PREPARED
364,2013,23099060,EXPORTS,GRENADA,225,493,,OTHER ANIMAL FEED COMPLETE, PREPARED
365,2013,23099060,EXPORTS,GUYANA,16797,32052,,OTHER ANIMAL FEED COMPLETE, PREPARED
366,2013,23099060,EXPORTS,JAMAICA,21000,28879,,OTHER ANIMAL FEED COMPLETE, PREPARED
367,2013,23099060,EXPORTS,SURINAME,147000,202597,,OTHER ANIMAL FEED COMPLETE, PREPARED
368,2003,23099090,EXPORTS,DOMINICA,29735,115706,3.8912,OTHER ANIMAL FEED
369,2003,23099090,EXPORTS,BARBADOS,58961,76959,1.3053,OTHER ANIMAL FEED
370,2003,23099090,EXPORTS,GUYANA,25745,41945,1.6292,OTHER ANIMAL FEED
371,2003,23099090,EXPORTS,ST. VINCENT/GRENADINES,180,23106,128.3667,OTHER ANIMAL FEED
372,2003,23099090,EXPORTS,GUADELOUPE,11250,22839,2.0301,OTHER ANIMAL FEED
373,2003,23099090,EXPORTS,ST. LUCIA,15727,22328,1.4197,OTHER ANIMAL FEED
374,2003,23099090,EXPORTS,ARUBA,5088,6617,1.3005,OTHER ANIMAL FEED
375,2003,23099090,EXPORTS,ANTIGUA AND BARBUDA,4050,5404,1.3343,OTHER ANIMAL FEED
376,2003,23099090,EXPORTS,ST. KITTS AND NEVIS,3623,4509,1.2445,OTHER ANIMAL FEED
377,2003,23099090,EXPORTS,MONTSERRAT,360,480,1.3333,OTHER ANIMAL FEED
378,2003,23099090,EXPORTS,BRITISH VIRGIN ISLANDS,45,134,2.9778,OTHER ANIMAL FEED
379,2004,23099090,EXPORTS,BARBADOS,111305,183299,1.6468,OTHER ANIMAL FEED
380,2004,23099090,EXPORTS,DOMINICA,56415,93830,1.6632,OTHER ANIMAL FEED
381,2004,23099090,EXPORTS,ANTIGUA AND BARBUDA,25094,32752,1.3052,OTHER ANIMAL FEED
382,2004,23099090,EXPORTS,GUYANA,12740,24996,1.962,OTHER ANIMAL FEED
383,2004,23099090,EXPORTS,GUADELOUPE,11250,22864,2.0324,OTHER ANIMAL FEED
384,2004,23099090,EXPORTS,ST. LUCIA,17104,21218,1.2405,OTHER ANIMAL FEED
385,2004,23099090,EXPORTS,ARUBA,5288,6596,1.2474,OTHER ANIMAL FEED
386,2004,23099090,EXPORTS,ST. VINCENT/GRENADINES,2145,5027,2.3436,OTHER ANIMAL FEED
387,2004,23099090,EXPORTS,ST. KITTS AND NEVIS,3398,4417,1.2999,OTHER ANIMAL FEED
388,2004,23099090,EXPORTS,BRITISH VIRGIN ISLANDS,250,420,1.68,OTHER ANIMAL FEED
389,2004,23099090,EXPORTS,SURINAME,225,280,1.2444,OTHER ANIMAL FEED
390,2004,23099090,EXPORTS,MONTSERRAT,23,29,1.2609,OTHER ANIMAL FEED
391,2005,23099090,EXPORTS,BARBADOS,99877,158670,1.5887,OTHER ANIMAL FEED PREPARATIONS
392,2005,23099090,EXPORTS,DOMINICA,44710,84615,1.8925,OTHER ANIMAL FEED PREPARATIONS
393,2005,23099090,EXPORTS,ST. LUCIA,24152,47269,1.9571,OTHER ANIMAL FEED PREPARATIONS
394,2005,23099090,EXPORTS,ANTIGUA AND BARBUDA,14872,23824,1.6019,OTHER ANIMAL FEED PREPARATIONS
395,2005,23099090,EXPORTS,GUYANA,7526,11788,1.5663,OTHER ANIMAL FEED PREPARATIONS
396,2005,23099090,EXPORTS,GRENADA,110,9043,82.2091,OTHER ANIMAL FEED PREPARATIONS
397,2005,23099090,EXPORTS,ARUBA,3375,6532,1.9354,OTHER ANIMAL FEED PREPARATIONS
398,2005,23099090,EXPORTS,ST. KITTS AND NEVIS,1734,4172,2.406,OTHER ANIMAL FEED PREPARATIONS
399,2005,23099090,EXPORTS,NETHERLANDS ANTILLES,1756,2653,1.5108,OTHER ANIMAL FEED PREPARATIONS
400,2005,23099090,EXPORTS,ST. VINCENT/GRENADINES,811,1938,2.3896,OTHER ANIMAL FEED PREPARATIONS
401,2005,23099090,EXPORTS,MONTSERRAT,406,799,1.968,OTHER ANIMAL FEED PREPARATIONS
402,2005,23099090,EXPORTS,BRITISH VIRGIN ISLANDS,45,88,1.9556,OTHER ANIMAL FEED PREPARATIONS
403,2006,23099090,EXPORTS ,BARBADOS,75702,141412,1.868,OTHER ANIMAL
404,2006,23099090,EXPORTS ,GUYANA,45313,78289,1.7277,OTHER ANIMAL
405,2006,23099090,EXPORTS ,DOMINICA,26143,50542,1.9333,OTHER ANIMAL
406,2006,23099090,EXPORTS ,ANTIGUA AND BARBUDA,28977,44194,1.5251,OTHER ANIMAL
407,2006,23099090,EXPORTS ,SURINAME,16797,31633,1.8833,OTHER ANIMAL
408,2006,23099090,EXPORTS ,ST. LUCIA,9773,21619,2.2121,OTHER ANIMAL
409,2006,23099090,EXPORTS ,BRITISH VIRGIN ISLANDS,4945,12235,2.4742,OTHER ANIMAL
410,2006,23099090,EXPORTS ,NETHERLAN,7467,11177,1.4969,OTHER ANIMAL
411,2006,23099090,EXPORTS ,ST. KITTS,1333,3527,2.6459,OTHER ANIMAL
412,2006,23099090,EXPORTS ,ARUBA,1663,3321,1.997,OTHER ANIMAL
413,2007,23099090,EXPORTS,BARBADOS,56759,125373,2.2089,OTHER ANIMAL FE
414,2007,23099090,EXPORTS,GUYANA,37510,108766,2.8997,OTHER ANIMAL FE
415,2007,23099090,EXPORTS,DOMINICA,44445,93481,2.1033,OTHER ANIMAL FE
416,2007,23099090,EXPORTS,ANTIGUA AND BARBUDA,31571,69824,2.2116,OTHER ANIMAL FE
417,2007,23099090,EXPORTS,ST. LUCIA,26014,55993,2.1524,OTHER ANIMAL FE
418,2007,23099090,EXPORTS,SURINAME,18041,38958,2.1594,OTHER ANIMAL FE
419,2007,23099090,EXPORTS,NETHERLANDS,135,12064,89.363,OTHER ANIMAL FE
420,2007,23099090,EXPORTS,ST. KITTS AND NEVIS,811,2461,3.0345,OTHER ANIMAL FE
421,2007,23099090,EXPORTS,GRENADA,675,1350,2,OTHER ANIMAL FE
422,2007,23099090,EXPORTS,ARUBA,450,952,2.1156,OTHER ANIMAL FE
423,2008,23099090,EXPORTS,GUYANA,121270,414393,3.4171,OTHER ANIMAL FEED PREPARATIONS
424,2008,23099090,EXPORTS,DOMINICA,64971,145632,2.2415,OTHER ANIMAL FEED PREPARATIONS
425,2008,23099090,EXPORTS,BARBADOS,44076,110583,2.5089,OTHER ANIMAL FEED PREPARATIONS
426,2008,23099090,EXPORTS,ST. LUCIA,38930,88710,2.2787,OTHER ANIMAL FEED PREPARATIONS
427,2008,23099090,EXPORTS,ANTIGUA AND BARBUDA,20672,51859,2.5087,OTHER ANIMAL FEED PREPARATIONS
428,2008,23099090,EXPORTS,SURINAME,11181,27794,2.4858,OTHER ANIMAL FEED PREPARATIONS
429,2008,23099090,EXPORTS,ARUBA,1688,3831,2.2695,OTHER ANIMAL FEED PREPARATIONS
430,2008,23099090,EXPORTS,GRENADA,134,314,2.3433,OTHER ANIMAL FEED PREPARATIONS
431,2008,23099090,EXPORTS,ST. KITTS AND NEVIS,23,74,3.2174,OTHER ANIMAL FEED PREPARATIONS
432,2009,23099090,EXPORTS,GUYANA,34650,108972,3.1449,OTHER ANIMAL FEED PREPARATIONS
433,2009,23099090,EXPORTS,DOMINICA,42868,107667,2.5116,OTHER ANIMAL FEED PREPARATIONS
434,2009,23099090,EXPORTS,BARBADOS,27351,65605,2.3986,OTHER ANIMAL FEED PREPARATIONS
435,2009,23099090,EXPORTS,ARUBA,20250,35801,1.768,OTHER ANIMAL FEED PREPARATIONS
436,2009,23099090,EXPORTS,SURINAME,10575,26246,2.4819,OTHER ANIMAL FEED PREPARATIONS
437,2009,23099090,EXPORTS,ST. LUCIA,4500,10385,2.3078,OTHER ANIMAL FEED PREPARATIONS
438,2010,23099090,EXPORTS,GUYANA,220445,769458,3.4905,OTHER ANIMAL FEED PREPARATIONS
439,2010,23099090,EXPORTS,DOMINICA,44566,100905,2.2642,OTHER ANIMAL FEED PREPARATIONS
440,2010,23099090,EXPORTS,GERMANY,27945,97215,3.4788,OTHER ANIMAL FEED PREPARATIONS
441,2010,23099090,EXPORTS,SURINAME,20993,71104,3.387,OTHER ANIMAL FEED PREPARATIONS
442,2010,23099090,EXPORTS,BARBADOS,27197,65197,2.3972,OTHER ANIMAL FEED PREPARATIONS
443,2010,23099090,EXPORTS,ST. LUCIA,25091,57791,2.3033,OTHER ANIMAL FEED PREPARATIONS
444,2010,23099090,EXPORTS,ARUBA,27000,47803,1.7705,OTHER ANIMAL FEED PREPARATIONS
445,2010,23099090,EXPORTS,GRENADA,233,1239,5.3176,OTHER ANIMAL FEED PREPARATIONS
446,2011,23099090,EXPORTS,BARBADOS,52975,129196.34,,OTHER ANIMAL FEED
447,2011,23099090,EXPORTS,BRITISH VIRGIN ISLANDS,271,638.81,,OTHER ANIMAL FEED
448,2011,23099090,EXPORTS,DOMINICA,32325,92765.05,,OTHER ANIMAL FEED
449,2011,23099090,EXPORTS,GRENADA,773,2400,,OTHER ANIMAL FEED
450,2011,23099090,EXPORTS,GUYANA,40292,140680,,OTHER ANIMAL FEED
451,2011,23099090,EXPORTS,ST. KITTS AND NEVIS,1048,2468.31,,OTHER ANIMAL FEED
452,2011,23099090,EXPORTS,ST. LUCIA,2138,4172,,OTHER ANIMAL FEED
453,2011,23099090,EXPORTS,ST. VINCENT/GRENADINES,407,959.81,,OTHER ANIMAL FEED
454,2011,23099090,EXPORTS,SURINAME,8438,24402,,OTHER ANIMAL FEED
455,2012,23099090,EXPORTS,BARBADOS,15626,44311,,OTHER ANIMAL FEED PREPARATIONS
456,2012,23099090,EXPORTS,DOMINICA,26681,89228,,OTHER ANIMAL FEED PREPARATIONS
457,2012,23099090,EXPORTS,GRENADA,243,573,,OTHER ANIMAL FEED PREPARATIONS
458,2012,23099090,EXPORTS,GUYANA,45900,108509,,OTHER ANIMAL FEED PREPARATIONS
459,2012,23099090,EXPORTS,ST. VINCENT/GRENADINES,3436,8087,,OTHER ANIMAL FEED PREPARATIONS
460,2012,23099090,EXPORTS,SAINT MAARTEN,1973,4644,,OTHER ANIMAL FEED PREPARATIONS
461,2013,23099090,EXPORTS,BARBADOS,13752,32376,,OTHER ANIMAL FEED PREPARATIONS
462,2013,23099090,EXPORTS,DOMINICA,5850,22969,,OTHER ANIMAL FEED PREPARATIONS
463,2013,23099090,EXPORTS,GUYANA,168311,396247,,OTHER ANIMAL FEED PREPARATIONS
464,2013,23099090,EXPORTS,ST. VINCENT/GRENADINES,531,1250,,OTHER ANIMAL FEED PREPARATIONS
465,2013,23099090,EXPORTS,SURINAME,36673,86337,,OTHER ANIMAL FEED PREPARATIONS
466,2013,23099090,EXPORTS,US VIRGIN ISL,595,1400,,OTHER ANIMAL FEED PREPARATIONS
